{
    "name": "",
    "length": 0.8829004519915212,
    "children": [
        {
            "name": "",
            "length": 0.8770660518271508,
            "children": [
                {
                    "name": "",
                    "length": 0.5237413188231288,
                    "children": [
                        {
                            "name": "",
                            "length": 0.11616869690897563,
                            "children": [
                                {
                                    "name": " T7",
                                    "length": 1,
                                    "values": {
                                        "x": 18.282390368686798,
                                        "z": 6.049371872693827
                                    },
                                    "index": 0,
                                    "bin": 0,
                                    "bin_idx": 0
                                },
                                {
                                    "name": "T4",
                                    "length": 1,
                                    "values": {
                                        "x": 5.177767185946199,
                                        "z": 19.153995055434425
                                    },
                                    "index": 1,
                                    "bin": 0,
                                    "bin_idx": 1
                                }
                            ],
                            "values": {}
                        },
                        {
                            "name": "T10",
                            "length": 1,
                            "values": {
                                "x": -7.9268559967944,
                                "z": 6.049371872693829
                            },
                            "index": 2,
                            "bin": 0,
                            "bin_idx": 2
                        }
                    ],
                    "values": {}
                },
                {
                    "name": "",
                    "length": 0.19642695061574103,
                    "children": [
                        {
                            "name": "",
                            "length": 0.7117995540552875,
                            "children": [
                                {
                                    "name": "T8",
                                    "length": 1,
                                    "values": {
                                        "x": 4.043491782494286,
                                        "z": 11.402146105001219
                                    },
                                    "index": 3,
                                    "bin": 1,
                                    "bin_idx": 3
                                },
                                {
                                    "name": "T9",
                                    "length": 1,
                                    "values": {
                                        "x": -8.015676325430787,
                                        "z": -0.6570220029238536
                                    },
                                    "index": 4,
                                    "bin": 1,
                                    "bin_idx": 0
                                }
                            ],
                            "values": {}
                        },
                        {
                            "name": "",
                            "length": 0.47707735753912367,
                            "children": [
                                {
                                    "name": "T1",
                                    "length": 1,
                                    "values": {
                                        "x": -2.0031859859719474,
                                        "z": -8.93230870777671
                                    },
                                    "index": 5,
                                    "bin": 2,
                                    "bin_idx": 1
                                },
                                {
                                    "name": "",
                                    "length": 0.0900129373927403,
                                    "children": [
                                        {
                                            "name": "T3",
                                            "length": 1,
                                            "values": {
                                                "x": -9.366918717052682,
                                                "z": -16.296041438857443
                                            },
                                            "index": 6,
                                            "bin": 2,
                                            "bin_idx": 2
                                        },
                                        {
                                            "name": "T2",
                                            "length": 1,
                                            "values": {
                                                "x": -2.003185985971949,
                                                "z": -23.659774169938178
                                            },
                                            "index": 7,
                                            "bin": 2,
                                            "bin_idx": 3
                                        }
                                    ],
                                    "values": {}
                                }
                            ],
                            "values": {}
                        }
                    ],
                    "values": {}
                }
            ],
            "values": {}
        },
        {
            "name": "",
            "length": 1.2676985325408685,
            "children": [
                {
                    "name": "T5",
                    "length": 1,
                    "values": {
                        "x": -6.840377377200315,
                        "z": 5.483205556446989
                    },
                    "index": 8,
                    "bin": 3,
                    "bin_idx": 0
                },
                {
                    "name": "T6",
                    "length": 1,
                    "values": {
                        "x": 0.07293412988398565,
                        "z": -1.4301059506373122
                    },
                    "index": 9,
                    "bin": 3,
                    "bin_idx": 1
                }
            ],
            "values": {}
        }
    ],
    "values": {},
    "groups": [
        0,
        1,
        2,
        3
    ]
}